{
  "text_encode": {
    "unit": "ms",
    "per_domain": {},
    "overall": {
      "mean": 21.894554001046345,
      "p50": 21.43600000999868,
      "p95": 30.614150004112158,
      "p99": 43.94984798156655,
      "min": 13.392699998803437,
      "max": 47.56839998299256
    }
  },
  "faiss_full": {
    "unit": "ms",
    "per_domain": {
      "animal": {
        "mean": 3.1427380070090294,
        "p50": 2.994750044308603,
        "p95": 3.656395021243952,
        "p99": 6.617712010047388,
        "min": 2.495500026270747,
        "max": 9.24959999974817
      },
      "auto": {
        "mean": 4.19168199878186,
        "p50": 4.139400029089302,
        "p95": 4.638604982756078,
        "p99": 6.095884987153108,
        "min": 3.6241000052541494,
        "max": 7.4696000083349645
      },
      "plant": {
        "mean": 24.82749000308104,
        "p50": 24.657300004037097,
        "p95": 27.333120018010952,
        "p99": 35.49070401466449,
        "min": 21.97070000693202,
        "max": 42.4195000086911
      },
      "shop": {
        "mean": 12.373914001509547,
        "p50": 12.461949983844534,
        "p95": 13.78996999701485,
        "p99": 14.179849039646795,
        "min": 11.161200003698468,
        "max": 14.468900044448674
      }
    }
  },
  "faiss_subset": {
    "unit": "ms",
    "per_domain": {
      "animal": {
        "mean": 1.6770240024197847,
        "p50": 1.4325999945867807,
        "p95": 2.2774450160795823,
        "p99": 4.947440999676463,
        "min": 1.0021000052802265,
        "max": 7.460699998773634
      },
      "auto": {
        "mean": 1.6092720010783523,
        "p50": 1.6229999891947955,
        "p95": 2.1595900238025934,
        "p99": 2.293992998311296,
        "min": 1.0224999859929085,
        "max": 2.340200007893145
      },
      "plant": {
        "mean": 1.7238579981494695,
        "p50": 1.9014999852515757,
        "p95": 2.201345018693246,
        "p99": 2.350680998642929,
        "min": 1.0255000088363886,
        "max": 2.361999999266118
      },
      "shop": {
        "mean": 1.686791997635737,
        "p50": 1.7817499756347388,
        "p95": 2.177949988981709,
        "p99": 2.3029030021280046,
        "min": 1.039499999023974,
        "max": 2.38389999140054
      }
    }
  },
  "end_to_end": {
    "unit": "ms",
    "per_domain": {
      "animal": {
        "mean": 19.78719800361432,
        "p50": 19.20000000973232,
        "p95": 25.696830032393336,
        "p99": 26.119446019874886,
        "min": 16.003300028387457,
        "max": 26.30299999145791
      },
      "auto": {
        "mean": 22.203626005211845,
        "p50": 22.752950026188046,
        "p95": 25.250149989733472,
        "p99": 27.961615997483015,
        "min": 17.323900014162064,
        "max": 29.599000001326203
      },
      "plant": {
        "mean": 42.73373400908895,
        "p50": 42.69959998782724,
        "p95": 48.720395017880946,
        "p99": 51.577035997761406,
        "min": 35.46120005194098,
        "max": 53.12719999346882
      },
      "shop": {
        "mean": 29.62228199467063,
        "p50": 29.806749982526526,
        "p95": 34.11365999781992,
        "p99": 35.969742978923016,
        "min": 24.3369999807328,
        "max": 37.01309999451041
      }
    }
  },
  "model_load": {},
  "index_meta": {},
  "total_images": 554731,
  "total_vectors": 554731,
  "total_index_mb": 1083.5
}